id,anganwadi_centers,anganwadi_workers,anganwadi_helpers,aadhar_verified_beneficiaries,eligible_beneficiaries
17417,3313,3095,1711,113557,102923
17418,1908,1853,1638,96801,96819
17419,2302,2280,2013,172324,173579
17420,2275,2188,1751,114987,115078
17421,1889,1844,1838,75632,75942
17422,2420,2349,1736,110788,111069
17423,1726,1674,1593,90440,90643
17424,1556,1455,1393,99790,100297
17425,2226,2195,1863,121438,121451
17426,1480,1435,1428,114029,114618
17427,1986,1959,1875,119888,120351
17428,1707,1632,1522,89857,89981
17429,1886,1862,1800,207889,208669
17430,1663,1633,1584,129582,130587
17431,1475,1233,1290,115450,115491
17432,2031,1958,1868,133586,134937
17433,2075,2018,1374,74812,61674
17434,2903,2816,2560,142382,142537
17435,2934,2859,2548,133219,134545
17436,2824,2756,2190,110658,112131
17437,3385,3265,2662,120098,120292
17438,2492,2465,2057,132252,133085
17439,776,765,686,112299,112374
17440,2499,2448,2099,88233,88259
17441,1626,1605,1520,95477,95792
17442,2389,2316,2131,170317,150345
17698,2444,2238,1884,177438,179962
17699,1358,1279,1089,146387,147274
17700,5656,5476,4866,495592,497600
17701,1277,1171,953,60035,60055
17702,1586,1456,1206,62881,63187
17703,2877,2484,2086,191606,193565
17704,2051,1744,1671,147633,149882
17705,1439,1362,1188,55585,55606
17706,2014,1943,1773,82743,82872
17707,1858,1783,1506,60849,60862
17708,2428,2312,2143,130667,130709
17709,2130,2024,1849,122931,123602
17710,1771,1694,1496,124882,124913
17711,1622,1571,1367,137208,137849
17712,1248,1190,1120,96906,97066
17713,2691,2378,1808,86182,86195
17714,1991,1911,1799,151031,151037
17715,3420,3185,2558,282611,283431
17716,883,820,787,27775,28003
17717,2180,2012,1676,111435,112143
17718,1960,1812,1557,160881,161404
17719,2558,2418,2014,98143,98154
17720,2933,2762,2472,172565,173380
17721,2856,2796,2274,268104,224336
17722,2563,2370,1803,117026,117454
17723,4199,3879,3324,169889,169919
17724,1222,1175,1091,53110,53249
17725,2782,2618,2281,89720,89754
17726,1590,1531,1321,134370,135628
17727,2755,2443,1896,257329,257624
17728,1568,1392,1190,173230,145019
17729,2150,2149,2133,79889,83349
17730,2858,2844,2847,151823,155491
17731,1561,1549,1518,51291,52824
17732,2504,2504,2489,159139,162853
17733,1348,1348,1323,86448,90333
17734,2723,2722,2705,124985,127087
17735,2050,2042,2004,65627,67763
17736,2938,2936,2909,201159,205774
17737,3808,3806,3794,507782,507969
17738,2838,2834,2806,176767,178685
17739,1389,1389,1380,46679,46752
17740,3061,3055,3014,148951,154978
17741,3016,3013,2989,156115,159648
17742,876,876,846,73617,57745
17918,172,169,135,6473,6674
17919,13,13,9,421,424
17920,661,598,558,27615,28078
17921,9,9,7,813,818
17992,774,635,567,55063,55975
17993,1267,952,904,105453,105514
17994,1806,1311,1047,174605,174714
17995,1697,1441,1060,159780,159920
17996,2023,1505,1368,149778,150705
17997,1336,1099,729,120313,120903
17998,2035,1656,1292,149780,149966
17999,2080,1709,1468,123061,123064
18000,1162,962,924,123668,124067
18001,940,719,595,72085,72145
18002,1401,1194,1107,103829,103897
18003,1052,871,615,69114,69159
18004,1796,1513,996,105536,107002
18005,2001,1644,1233,185357,185495
18006,692,567,466,48645,49010
18007,633,542,432,42351,42358
18008,1599,1332,1124,97751,97863
18009,490,414,378,44672,44681
18010,1799,1128,1033,111928,113610
18011,1454,1105,874,91874,77458
18012,956,751,606,75068,75488
18013,2697,2244,1836,239952,241403
18014,1552,1296,855,69080,69294
18015,1301,1075,910,97135,97278
18016,1749,1441,1164,140833,142683
18017,486,386,362,25886,25925
18018,1065,800,649,65566,65793
18019,1762,1312,1367,148025,149272
18020,1260,1081,820,70329,71264
18021,1505,1312,1155,89964,90466
18022,1850,1654,1206,179414,179764
18023,1261,1008,883,95824,95824
18024,969,812,613,88515,89488
18025,1512,1321,1134,131782,131791
18026,2127,1702,1377,169461,169769
18027,1075,796,630,92894,93440
18028,1781,1501,1323,140323,140782
18029,1504,1248,1154,151014,122816
18030,1256,1156,848,53171,55758
18031,2060,1920,1188,69941,62945
18032,781,739,628,42941,44291
18033,970,798,633,123143,124858
18034,1065,1012,788,75669,76559
18035,695,671,553,29029,29678
18036,644,600,511,27756,24571
18037,713,650,474,51136,52422
18038,1193,1101,784,75396,76318
18039,777,704,578,54071,54161
18040,1840,1718,1238,80561,80899
18041,973,893,588,41945,41196
18042,1435,1338,991,44155,44434
18043,1185,1136,924,60224,61395
18044,969,890,619,42798,44370
18045,1076,1034,784,59236,60241
18046,793,740,641,120761,121468
18047,640,559,319,18809,19849
18048,1131,991,615,48241,49136
18049,2093,1948,1450,85337,86784
18050,704,683,547,49511,50085
18051,926,830,585,57857,60734
18052,1500,1431,952,131140,132554
18053,706,676,542,39766,40885
18054,587,546,418,40744,40949
18055,1600,1524,1139,146492,152442
18056,1504,1433,1120,106081,106801
18057,1150,1085,896,74485,74497
18058,1209,1133,956,55642,56183
18059,1107,1068,783,61449,63661
18060,589,575,396,25616,26455
18061,919,860,641,51781,53057
18062,901,841,649,48573,49174
18188,3313,3095,1713,113244,102765
18189,1908,1853,1636,96172,96179
18190,2302,2269,2022,170585,171768
18191,2275,2188,1742,114099,114191
18192,1888,1840,1839,75129,75426
18193,2420,2348,1737,111759,112033
18194,1726,1668,1586,88811,89010
18195,1556,1480,1392,99520,100025
18196,2226,2195,1863,120369,120390
18197,1480,1438,1393,112720,113289
18198,1986,1959,1874,118037,118476
18199,1707,1620,1500,88752,88890
18200,1886,1860,1783,203792,204473
18201,1663,1635,1588,129595,130575
18202,1475,1231,1290,115693,115747
18203,2031,1953,1889,132460,133751
18204,2075,2017,1375,73802,60737
18205,2903,2817,2546,139796,139965
18206,2934,2853,2531,131961,133247
18207,2824,2756,2190,109752,111210
18208,3385,3252,2666,119569,119777
18209,2492,2462,2042,130519,131320
18210,776,764,682,111826,111899
18211,2499,2444,2094,87962,87989
18212,1626,1604,1508,97756,98055
18213,2389,2312,2132,168991,149238
18469,2444,2238,1884,175947,178312
18470,1358,1278,1089,144407,145225
18471,5656,5463,4818,494829,496624
18472,1277,1162,948,59926,59931
18473,1586,1443,1182,62432,62659
18474,2877,2473,2076,193104,194889
18475,2051,1743,1671,147732,149897
18476,1442,1355,1182,53547,53570
18477,2014,1943,1761,82557,82587
18478,1858,1783,1497,60873,60889
18479,2428,2321,2136,130050,130091
18480,2131,2046,1888,123546,124043
18481,1771,1684,1465,124662,124683
18482,1622,1569,1361,136644,137258
18483,1248,1190,1123,95371,95502
18484,2691,2380,1807,85224,85226
18485,1991,1910,1793,150166,150166
18486,3420,3185,2562,280165,280992
18487,888,822,756,27633,27855
18488,2180,2015,1679,111993,112713
18489,1960,1810,1557,160658,161170
18490,2558,2410,1984,97831,97843
18491,2933,2734,2458,170038,170740
18492,2856,2711,2275,266900,222901
18493,2563,2370,1800,117078,117478
18494,4199,3848,3318,162855,162861
18495,1222,1171,1088,53655,53798
18496,2782,2623,2278,90087,90090
18497,1590,1528,1319,133321,134593
18498,2755,2440,1891,256335,256657
18499,1568,1386,1193,172032,143181
18500,2150,2150,2133,79421,82801
18501,2858,2848,2847,151334,154923
18502,1561,1549,1522,51337,52772
18503,2504,2504,2490,158635,162267
18504,1348,1348,1333,86247,90051
18505,2723,2722,2708,124560,126590
18506,2050,2042,2006,65301,67396
18507,2938,2936,2914,199461,204010
18508,3808,3807,3800,504892,505081
18509,2838,2835,2807,176926,178173
18510,1389,1389,1382,46389,46462
18511,3061,3056,3011,149078,154955
18512,3016,3013,2990,155842,159270
18513,876,876,846,73305,57350
18689,172,169,136,6520,6721
18690,13,13,9,452,453
18691,661,577,555,27913,28397
18692,9,9,7,824,829
18763,774,659,538,55501,56367
18764,1267,1018,842,108239,108295
18765,1806,1326,1029,177721,177810
18766,1697,1409,1031,161427,161509
18767,2023,1592,1269,149482,150378
18768,1336,1118,713,123745,123808
18769,2035,1657,1289,150229,150395
18770,2080,1750,1418,123031,123032
18771,1162,971,917,125312,125699
18772,940,729,596,74236,74250
18773,1401,1168,1055,105899,105991
18774,1052,877,610,69253,69282
18775,1796,1523,983,105994,107438
18776,2001,1666,1216,185242,185380
18777,692,573,458,48785,49139
18778,633,549,425,42407,42413
18779,1599,1334,1123,98157,98246
18780,490,430,359,44867,44876
18781,1799,1165,1012,112913,114534
18782,1454,1101,860,92512,77953
18783,956,751,605,76190,76610
18784,2697,2249,1829,242450,243769
18785,1552,1299,811,69541,69708
18786,1301,1079,898,97650,97704
18787,1749,1447,1159,142761,144543
18788,486,402,345,25699,25737
18789,1065,805,648,65545,65762
18790,1762,1349,1324,148538,149717
18791,1260,1067,821,70875,71803
18792,1505,1280,1143,90797,91289
18793,1850,1664,1194,182140,182448
18794,1261,1023,866,96246,96247
18795,969,816,601,90404,91354
18796,1512,1314,1125,132720,132720
18797,2127,1726,1354,169869,170156
18798,1075,808,621,95319,95800
18799,1781,1524,1308,141297,141731
18800,1504,1259,1143,151739,123429
18801,1256,1156,848,57023,59427
18802,2060,1920,1186,71360,64072
18803,781,739,628,45794,46846
18804,970,798,633,126309,127652
18805,1065,1012,788,76305,76897
18806,695,671,553,29049,29418
18807,644,601,510,28072,24806
18808,713,650,473,51738,52897
18809,1193,1100,783,75546,76402
18810,777,704,577,54226,54317
18811,1840,1719,1238,80994,81252
18812,973,871,570,45193,43937
18813,1434,1338,991,44438,44688
18814,1185,1134,923,61744,62783
18815,969,891,619,44327,45641
18816,1076,1034,784,59776,60624
18817,793,733,578,122886,123515
18818,640,559,319,18836,19766
18819,1131,986,612,50418,51193
18820,2093,1951,1448,86361,87547
18821,704,683,547,49696,50205
18822,926,830,585,61066,63534
18823,1500,1431,952,133113,134328
18824,706,669,507,40162,41151
18825,587,545,414,41083,41230
18826,1600,1525,1137,147566,152735
18827,1504,1436,1108,109555,110242
18828,1150,1075,883,75528,75536
18829,1209,1134,952,56066,56540
18830,1107,1065,784,62092,64106
18831,589,575,396,26118,26832
18832,919,854,635,51970,52952
18833,901,842,639,49451,49946
18959,3314,3097,1706,112611,103664
18960,1908,1870,1654,95996,96009
18961,2302,2277,2022,170381,171502
18962,2275,2188,1742,113211,113304
18963,1888,1841,1838,74416,74675
18964,2420,2348,1737,112127,112375
18965,1726,1667,1587,88179,88343
18966,1556,1480,1400,96829,97224
18967,2226,2195,1863,118746,118757
18968,1480,1438,1394,112866,113387
18969,1986,1959,1876,116761,117146
18970,1707,1618,1500,88432,88568
18971,1886,1862,1778,201362,202016
18972,1663,1635,1588,129557,130392
18973,1475,1231,1289,114586,114632
18974,2031,1946,1865,131758,132843
18975,2075,2015,1374,74403,61011
18976,2903,2817,2545,137930,138099
18977,2934,2852,2529,130405,131564
18978,2824,2755,2190,109575,110956
18979,3385,3250,2671,118355,118545
18980,2492,2460,2044,129354,130094
18981,776,764,682,110264,110383
18982,2499,2444,2101,87564,87604
18983,1626,1604,1508,97090,97335
18984,2389,2312,2130,168086,148697
19240,2444,2238,1884,174171,176465
19241,1358,1279,1083,136779,137560
19242,5656,5466,4820,488801,490010
19243,1277,1163,948,59388,59398
19244,1586,1442,1180,62083,62297
19245,2877,2481,2062,193866,195546
19246,2051,1747,1670,146156,148297
19247,1442,1351,1181,52725,52746
19248,2014,1943,1749,82266,82292
19249,1858,1782,1496,60680,60729
19250,2428,2329,2131,128809,128854
19251,2131,2056,1902,124490,124870
19252,1771,1687,1447,118108,118131
19253,1622,1569,1361,135420,136004
19254,1248,1190,1122,94213,94333
19255,2691,2380,1816,84566,84573
19256,1991,1916,1790,149406,149407
19257,3420,3186,2563,276560,277377
19258,886,821,733,27858,28087
19259,2180,2014,1664,111981,112685
19260,1960,1810,1557,160094,160583
19261,2558,2412,1981,97774,97781
19262,2933,2746,2461,162705,163277
19263,2856,2710,2276,264799,220796
19264,2563,2398,1861,116768,117157
19265,4199,3856,3277,160431,160438
19266,1222,1199,1113,54424,54516
19267,2782,2616,2272,90523,90526
19268,1590,1528,1320,131937,133022
19269,2755,2436,1870,254577,254902
19270,1568,1386,1191,170535,141366
19271,2150,2149,2134,78689,82001
19272,2858,2845,2850,150316,153806
19273,1561,1545,1531,51805,53165
19274,2504,2504,2491,157729,161206
19275,1348,1348,1335,85365,89099
19276,2723,2722,2702,123772,125746
19277,2050,2046,2020,65428,67450
19278,2938,2936,2914,198435,202897
19279,3808,3808,3805,502721,502916
19280,2838,2836,2807,176640,177666
19281,1389,1389,1381,45967,46043
19282,3061,3059,3018,148143,153888
19283,3016,3015,3001,154787,158089
19284,876,874,848,72921,56981
19460,172,168,133,6796,6976
19461,13,13,9,481,481
19462,661,551,555,28528,28913
19463,9,9,7,828,830
19534,774,660,537,55006,55839
19535,1267,1024,844,108325,108379
19536,1806,1324,1025,177035,177049
19537,1697,1408,1031,161606,161672
19538,2023,1593,1258,148916,149748
19539,1336,1118,718,123520,123553
19540,2035,1657,1287,149892,150018
19541,2080,1761,1418,121195,121195
19542,1162,971,917,124184,124553
19543,940,727,591,73602,73615
19544,1401,1165,1058,105764,105812
19545,1052,877,610,69032,69062
19546,1796,1506,958,106019,107376
19547,2001,1662,1217,184052,184179
19548,692,573,455,49219,49545
19549,633,550,425,42396,42403
19550,1599,1334,1123,98120,98205
19551,490,429,359,44833,44841
19552,1799,1162,1002,112992,114531
19553,1454,1118,858,92303,77802
19554,956,752,605,76286,76639
19555,2697,2247,1827,242595,243794
19556,1552,1297,811,70060,70230
19557,1301,1077,897,97360,97395
19558,1749,1446,1157,142425,144127
19559,486,417,311,25363,25398
19560,1065,804,647,65780,65989
19561,1762,1347,1325,147653,148790
19562,1260,1069,821,70828,71729
19563,1505,1280,1142,91580,92034
19564,1850,1663,1191,183332,183503
19565,1261,1022,865,97852,97853
19566,969,824,602,90277,91188
19567,1512,1312,1125,132162,132164
19568,2127,1725,1352,170868,171127
19569,1075,808,620,95585,96050
19570,1781,1521,1308,141446,141839
19571,1504,1254,1142,151024,122865
19572,1256,1114,694,57350,59175
19573,2060,1893,1101,71786,64412
19574,788,728,628,45588,46420
19575,970,789,613,121075,121921
19576,1065,1005,742,75959,76456
19577,695,669,549,28795,29069
19578,644,601,497,27757,24289
19579,713,647,437,51955,52858
19580,1193,1100,781,75461,76156
19581,777,708,576,53548,53613
19582,1840,1717,1229,80363,80569
19583,973,868,565,47957,45859
19584,1437,1330,979,44081,44280
19585,1160,1112,902,60898,61671
19586,969,883,613,44375,45404
19587,1076,1023,737,60073,60684
19588,793,737,572,121917,122028
19589,640,547,319,18730,19348
19590,1131,984,612,50461,51081
19591,2093,1949,1442,86461,87304
19592,704,681,518,48565,48979
19593,926,826,548,61343,62891
19594,1500,1426,937,132019,132980
19595,706,652,491,39905,40558
19596,587,545,414,40725,40786
19597,1600,1525,1130,147699,151189
19598,1504,1434,1099,110572,111166
19599,1150,1076,883,75280,75286
19600,1209,1133,942,55735,56149
19601,1132,1079,803,63519,65171
19602,589,575,396,25886,26362
19603,919,852,627,51352,52191
19604,901,843,637,49457,49825
19730,3315,3097,1702,112404,103625
19731,1908,1870,1654,95267,95277
19732,2302,2278,2022,169205,170266
19733,2275,2186,1742,112677,112780
19734,1888,1842,1838,73880,74130
19735,2420,2348,1739,111783,112011
19736,1726,1667,1587,87713,87873
19737,1556,1480,1400,94186,94514
19738,2226,2195,1863,117181,117200
19739,1480,1438,1394,111643,112121
19740,1986,1959,1876,115871,116185
19741,1707,1618,1500,87907,88029
19742,1886,1862,1780,204039,204657
19743,1663,1635,1588,128841,129630
19744,1475,1231,1289,113517,113554
19745,2031,1945,1865,130599,131621
19746,2075,2020,1375,74271,60751
19747,2903,2817,2547,135995,136171
19748,2934,2852,2527,129777,130884
19749,2824,2757,2191,109125,110383
19750,3385,3250,2668,118226,118430
19751,2492,2460,2048,129169,129875
19752,776,764,682,110128,110248
19753,2499,2444,2101,87430,87480
19754,1626,1604,1508,95662,95896
19755,2389,2312,2130,166050,147106
20011,2444,2238,1884,177262,179527
20012,1358,1279,1083,134122,134892
20013,5656,5470,4816,494834,496120
20014,1277,1163,948,60456,60468
20015,1586,1441,1178,59994,60201
20016,2877,2486,2064,191989,193634
20017,2051,1762,1680,149001,151182
20018,1442,1351,1185,52450,52460
20019,2014,1977,1779,82090,82132
20020,1858,1760,1454,61617,61692
20021,2428,2329,2131,129940,130022
20022,2131,2061,1908,128320,128576
20023,1771,1687,1440,119198,119253
20024,1622,1571,1360,133947,134534
20025,1248,1191,1123,93021,93131
20026,2691,2380,1816,85560,85594
20027,1991,1918,1794,148410,148412
20028,3420,3188,2563,275871,276644
20029,886,817,730,31412,31583
20030,2180,2015,1653,111260,111942
20031,1960,1810,1555,157465,157953
20032,2558,2415,1981,98088,98101
20033,2933,2750,2457,159374,159895
20034,2856,2714,2270,261200,217439
20035,2563,2426,1963,115919,116305
20036,4199,3859,3276,159939,159940
20037,1222,1209,1130,54893,54974
20038,2782,2617,2272,90497,90500
20039,1590,1529,1320,135458,136537
20040,2755,2439,1866,252712,253070
20041,1568,1388,1190,168634,139304
20042,2150,2149,2134,77596,80834
20043,2858,2845,2849,148525,151919
20044,1561,1548,1532,51158,52428
20045,2504,2504,2492,156408,159782
20046,1348,1348,1333,84781,88418
20047,2723,2722,2702,122957,124802
20048,2050,2047,2020,65149,67119
20049,2938,2936,2912,197389,201776
20050,3808,3807,3806,499458,499655
20051,2838,2835,2807,175683,176414
20052,1389,1389,1379,45451,45522
20053,3061,3057,3014,147327,152978
20054,3016,3015,3002,153080,156306
20055,876,875,862,72411,56447
20231,172,167,133,6870,7033
20232,13,13,8,466,466
20233,661,549,566,28893,29278
20234,9,9,7,789,789
20305,774,660,537,55171,55878
20306,1267,1023,844,107902,107955
20307,1806,1322,1025,178008,178019
20308,1697,1407,1031,164449,164506
20309,2023,1593,1258,149413,150154
20310,1336,1116,718,124066,124094
20311,2035,1656,1286,150422,150545
20312,2080,1761,1417,119997,119999
20313,1162,971,917,124230,124585
20314,940,724,591,73208,73218
20315,1401,1164,1058,106298,106335
20316,1052,876,608,70145,70174
20317,1796,1505,958,107217,108328
20318,2001,1659,1217,183800,183828
20319,692,571,453,50508,50813
20320,633,548,425,43331,43345
20321,1599,1332,1121,98745,98822
20322,490,428,359,44654,44662
20323,1799,1162,1001,113966,115429
20324,1454,1117,858,92954,78394
20325,956,752,605,76604,76927
20326,2697,2238,1826,242800,243840
20327,1552,1297,810,70209,70360
20328,1301,1076,894,97216,97220
20329,1749,1444,1156,143115,144648
20330,486,417,311,25517,25551
20331,1065,804,647,66311,66498
20332,1762,1345,1325,148122,149177
20333,1260,1067,821,70900,71711
20334,1505,1280,1142,93046,93440
20335,1850,1655,1190,184338,184488
20336,1261,1021,865,100197,100200
20337,969,824,602,90410,91277
20338,1512,1311,1123,132080,132085
20339,2127,1725,1352,172104,172349
20340,1075,808,619,96103,96537
20341,1781,1518,1307,140929,141292
20342,1504,1254,1142,151628,123311
20343,1256,1115,694,57017,58775
20344,2060,1892,1095,72291,64179
20345,788,728,628,44980,45737
20346,970,789,613,118564,119316
20347,1065,1005,742,75348,75817
20348,695,669,549,28574,28833
20349,644,601,497,27604,24123
20350,713,648,437,51950,52846
20351,1193,1100,781,74656,75320
20352,777,713,571,53174,53230
20353,1840,1717,1229,79858,80058
20354,973,870,562,48321,45742
20355,1437,1330,979,43708,43893
20356,1163,1115,904,60545,61264
20357,969,883,605,44359,45294
20358,1076,1023,737,60097,60674
20359,793,737,572,120314,120395
20360,640,547,319,18718,19236
20361,1131,984,612,50072,50662
20362,2093,1954,1439,86034,86814
20363,704,681,518,48473,48878
20364,926,826,548,60794,62274
20365,1500,1425,937,131012,131873
20366,706,653,491,39505,40123
20367,587,545,413,40180,40236
20368,1600,1525,1129,144885,148024
20369,1504,1434,1099,110742,111289
20370,1150,1076,883,74975,74976
20371,1209,1133,942,55218,55595
20372,1129,1076,801,63115,64705
20373,589,574,396,25474,25932
20374,919,853,627,50789,51582
20375,901,843,637,49244,49595
20501,3314,3098,1701,111935,103158
20502,1908,1870,1654,94004,94020
20503,2302,2278,2022,167583,168571
20504,2275,2186,1743,111044,111138
20505,1888,1842,1837,70966,71207
20506,2420,2348,1739,110782,111014
20507,1726,1667,1587,87001,87160
20508,1556,1480,1400,92646,92946
20509,2226,2195,1863,115264,115299
20510,1480,1438,1394,110144,110619
20511,1986,1959,1876,114303,114608
20512,1707,1619,1500,86410,86525
20513,1886,1862,1780,203079,203667
20514,1663,1635,1588,127741,128542
20515,1475,1231,1289,111685,111732
20516,2031,1946,1865,128706,129675
20517,2075,2026,1375,74176,60558
20518,2903,2817,2547,133428,133598
20519,2934,2851,2509,128133,129150
20520,2824,2758,2191,107521,108633
20521,3385,3250,2668,115766,115969
20522,2492,2460,2048,127987,128664
20523,776,764,682,108720,108839
20524,2499,2445,2101,86024,86056
20525,1626,1604,1508,93951,94165
20526,2389,2312,2130,163824,145442
20782,2444,2238,1884,177316,179480
20783,1358,1285,1090,135290,136021
20784,5656,5466,4802,515132,516540
20785,1277,1163,949,59411,59418
20786,1586,1439,1174,57497,57657
20787,2877,2481,2045,197797,198736
20788,2051,1778,1675,154643,156834
20789,1444,1349,1185,52301,52312
20790,2014,1965,1794,79553,79620
20791,1858,1771,1507,60594,60594
20792,2428,2328,2126,129804,129857
20793,2131,2067,1909,128617,128821
20794,1771,1686,1440,123290,123315
20795,1622,1571,1360,133591,134081
20796,1248,1191,1152,94284,94376
20797,2691,2380,1815,84669,84680
20798,1991,1941,1829,148974,148975
20799,3420,3189,2563,272083,272879
20800,888,817,724,31367,31368
20801,2180,2015,1651,111795,112370
20802,1960,1805,1553,155638,156051
20803,2558,2414,1980,97583,97586
20804,2933,2744,2443,154786,155163
20805,2856,2722,2289,259039,215091
20806,2563,2435,2088,116042,116363
20807,4199,3899,3316,158424,158425
20808,1222,1210,1127,55171,55195
20809,2782,2617,2272,90363,90368
20810,1590,1528,1312,134445,135411
20811,2755,2428,1814,250969,251314
20812,1568,1392,1191,167709,137965
20813,2150,2149,2134,76512,79685
20814,2858,2845,2846,146908,150196
20815,1561,1546,1521,50906,52107
20816,2504,2500,2485,154940,158210
20817,1348,1348,1334,84456,88000
20818,2723,2722,2709,121692,123477
20819,2050,2044,2011,64626,66495
20820,2938,2936,2912,196646,200933
20821,3808,3805,3790,496563,496756
20822,2838,2820,2806,175875,176228
20823,1389,1388,1378,44930,44997
20824,3061,3049,2999,146084,151639
20825,3016,3014,3001,151013,154168
20826,876,876,870,71728,55590
21002,172,165,133,6787,6948
21003,13,13,8,481,481
21004,661,548,570,28721,29096
21005,9,9,7,803,804
21076,774,660,537,54466,55156
21077,1267,1023,844,106847,106896
21078,1806,1321,1024,175892,175904
21079,1697,1402,1030,164630,164686
21080,2023,1579,1255,148052,148749
21081,1336,1114,718,122954,122983
21082,2035,1655,1283,149633,149753
21083,2080,1757,1417,119825,119833
21084,1162,968,917,123386,123743
21085,940,723,590,72664,72672
21086,1401,1161,1056,105795,105831
21087,1052,874,608,69915,69944
21088,1796,1503,955,140833,144658
21089,2001,1657,1214,181302,181326
21090,692,571,452,50063,50366
21091,633,548,425,42906,42914
21092,1599,1329,1121,98772,98838
21093,490,427,357,44535,44542
21094,1799,1159,1001,112494,113936
21095,1454,1117,856,91973,77545
21096,956,752,605,75716,76037
21097,2697,2229,1825,240494,241507
21098,1552,1295,810,69654,69817
21099,1301,1073,892,96288,96289
21100,1749,1440,1154,141223,142726
21101,486,417,311,25341,25375
21102,1065,804,647,65076,65251
21103,1762,1342,1325,146572,147598
21104,1260,1067,821,70003,70803
21105,1505,1277,1140,92240,92618
21106,1850,1647,1187,183944,184087
21107,1261,1021,865,100258,100261
21108,969,824,602,89622,90474
21109,1512,1304,1123,130611,130620
21110,2127,1722,1351,170780,171018
21111,1075,807,619,95448,95870
21112,1781,1516,1307,139776,140129
21113,1504,1254,1142,149637,121448
21114,1278,1114,691,56202,57942
21115,2061,1892,1093,71964,63454
21116,788,728,628,44107,44848
21117,970,788,611,115330,116038
21118,1065,1004,742,74208,74659
21119,695,669,549,28216,28470
21120,644,601,497,27245,23682
21121,713,648,437,51507,52390
21122,1193,1100,781,73308,73972
21123,777,713,571,52306,52360
21124,1840,1717,1223,78776,78963
21125,1006,872,562,47751,44939
21126,1437,1330,979,43089,43273
21127,1163,1115,904,59571,60277
21128,974,882,605,43735,44648
21129,1076,1023,737,59522,60086
21130,793,733,563,117633,117669
21131,640,547,319,18459,18961
21132,1132,984,612,49164,49740
21133,2093,1962,1430,85019,85785
21134,704,681,518,48015,48417
21135,931,826,548,59788,61256
21136,1500,1428,935,129332,130170
21137,706,653,491,38991,39596
21138,587,545,413,39425,39486
21139,1602,1526,1129,141831,144870
21140,1504,1434,1099,109523,110068
21141,1150,1076,883,73923,73924
21142,1209,1133,942,54654,55004
21143,1129,1076,801,62320,63898
21144,589,574,396,24947,25399
21145,919,853,627,49886,50650
21146,901,843,637,48643,48982
21272,3314,3101,1707,109509,100967
21273,1908,1870,1653,88689,88717
21274,2302,2278,2022,154879,155513
21275,2275,2186,1746,106165,106254
21276,1888,1842,1837,67141,67333
21277,2420,2348,1739,103235,103417
21278,1726,1667,1586,78547,78673
21279,1556,1481,1400,90416,90704
21280,2226,2195,1863,112764,112798
21281,1480,1439,1393,107367,107823
21282,1986,1959,1876,107978,108249
21283,1707,1621,1500,84109,84221
21284,1886,1864,1777,198158,198720
21285,1663,1635,1588,121805,122294
21286,1475,1231,1289,109784,109819
21287,2031,1946,1869,124005,124825
21288,2075,2027,1375,70665,58302
21289,2903,2817,2547,124606,124789
21290,2934,2851,2509,125205,125938
21291,2824,2759,2188,102534,103400
21292,3385,3250,2668,108889,109082
21293,2492,2460,2052,116951,117393
21294,776,764,682,103549,103728
21295,2499,2445,2101,77971,78002
21296,1626,1605,1507,90885,91075
21297,2389,2312,2130,148345,134939
21553,2444,2239,1884,169361,170822
21554,1358,1294,1109,127025,127482
21555,5656,5466,4800,495814,496741
21556,1277,1161,947,57059,57073
21557,1586,1431,1167,51675,51777
21558,2877,2476,2037,192385,192925
21559,2051,1784,1683,154928,156758
21560,1444,1348,1183,47396,47407
21561,2014,1967,1797,73471,73524
21562,1858,1777,1518,56441,56453
21563,2428,2341,2126,120596,120686
21564,2131,2067,1922,114069,114217
21565,1771,1685,1439,119172,119199
21566,1622,1573,1360,125874,126339
21567,1248,1191,1153,90895,90947
21568,2691,2375,1815,73976,73988
21569,1991,1942,1830,148574,148579
21570,3420,3189,2563,271153,271845
21571,888,813,723,30378,30385
21572,2180,2020,1663,107248,107632
21573,1960,1814,1521,150279,150579
21574,2558,2417,1975,89043,89056
21575,2933,2757,2447,143714,143949
21576,2856,2744,2309,250037,206661
21577,2563,2473,2095,114132,114387
21578,4199,3930,3356,151984,151984
21579,1222,1210,1129,48230,48245
21580,2782,2646,2314,86211,86219
21581,1591,1543,1318,132681,133741
21582,2755,2429,1814,245746,246003
21583,1568,1403,1192,164816,135956
21584,2150,2147,2127,77018,79949
21585,2858,2848,2847,147077,150038
21586,1561,1547,1519,51129,52047
21587,2504,2503,2491,155555,158479
21588,1348,1348,1344,85267,88631
21589,2723,2718,2709,121939,123645
21590,2050,2048,2006,65647,67206
21591,2938,2933,2907,199236,203340
21592,3808,3804,3786,497010,497230
21593,2838,2826,2796,178496,178772
21594,1389,1387,1369,44769,44844
21595,3061,3055,2995,147566,152799
21596,3016,3015,3000,154694,157443
21597,876,876,873,71628,55483
21773,172,165,132,6297,6467
21774,13,13,8,445,446
21775,661,547,572,27323,27626
21776,9,9,7,778,779
21847,774,646,537,53354,54007
21848,1267,1013,843,108308,108347
21849,1806,1320,1021,177651,177671
21850,1697,1398,1030,167212,167259
21851,2023,1572,1252,151682,152316
21852,1336,1111,718,123428,123463
21853,2035,1646,1282,150262,150367
21854,2080,1742,1410,120410,120411
21855,1162,965,916,123586,123926
21856,941,720,589,72532,72540
21857,1401,1145,1053,106209,106244
21858,1052,864,605,70073,70103
21859,1796,1502,955,135245,138330
21860,2001,1653,1207,181472,181496
21861,692,567,451,50204,50488
21862,633,545,425,43023,43030
21863,1599,1322,1120,99432,99478
21864,491,426,355,44537,44543
21865,1799,1154,999,113395,114707
21866,1454,1115,856,91450,77218
21867,959,748,605,75777,76086
21868,2697,2218,1818,240719,241708
21869,1552,1297,810,69585,69739
21870,1301,1072,888,96350,96354
21871,1749,1434,1153,141520,142980
21872,492,417,311,24970,24996
21873,1065,799,645,63149,63309
21874,1762,1338,1324,149420,150398
21875,1260,1063,821,68162,68788
21876,1505,1277,1137,92736,93091
21877,1850,1636,1185,183451,183588
21878,1261,1019,863,100378,100385
21879,969,824,595,89530,90374
21880,1512,1297,1119,134489,134497
21881,2143,1719,1348,171546,171779
21882,1075,807,619,95621,96037
21883,1788,1508,1307,138185,138521
21884,1504,1245,1141,149342,121424
21885,1278,1109,691,55516,57217
21886,2061,1893,1092,72762,62419
21887,788,723,628,42739,43439
21888,970,785,611,115602,116195
21889,1065,1004,742,73854,74292
21890,695,669,549,28222,28476
21891,644,601,497,27919,23473
21892,713,647,437,50600,51436
21893,1193,1099,781,72588,73228
21894,777,715,570,51957,52003
21895,1840,1721,1224,77568,77745
21896,1006,868,559,47749,44305
21897,1437,1330,979,42844,43004
21898,1163,1113,866,58876,59536
21899,974,881,599,43562,44457
21900,1076,1023,737,59209,59766
21901,793,733,563,118610,118624
21902,640,546,318,18155,18645
21903,1132,983,612,48658,49220
21904,2093,1966,1422,84349,85050
21905,704,681,518,47997,48399
21906,931,826,548,59293,60721
21907,1501,1429,934,129385,130177
21908,706,653,491,38612,39202
21909,586,530,407,38808,38851
21910,1602,1526,1129,137841,140668
21911,1504,1435,1099,109340,109853
21912,1150,1075,883,74004,74006
21913,1209,1133,934,54254,54585
21914,1129,1071,799,61794,63342
21915,589,569,389,24837,25280
21916,919,853,627,49631,50370
21917,901,842,637,48442,48762
22043,3314,3126,1699,104144,96350
22044,1908,1871,1657,85883,85916
22045,2302,2278,2022,149642,150139
22046,2275,2183,1741,100696,100789
22047,1888,1842,1837,64099,64225
22048,2420,2348,1739,93794,93909
22049,1726,1667,1586,79901,80021
22050,1556,1482,1399,81916,82093
22051,2226,2195,1863,107844,107906
22052,1480,1441,1404,104267,104550
22053,1986,1959,1876,104283,104479
22054,1707,1621,1498,80209,80286
22055,1886,1865,1785,183596,184051
22056,1663,1635,1588,114081,114468
22057,1475,1230,1288,106286,106312
22058,2031,1950,1879,116635,117229
22059,2075,2027,1375,60082,52581
22060,2903,2817,2547,114230,114419
22061,2934,2852,2508,115955,116474
22062,2824,2760,2189,96543,97136
22063,3385,3252,2666,101297,101452
22064,2492,2460,2049,111997,112347
22065,776,764,682,100480,100655
22066,2499,2445,2101,71243,71276
22067,1626,1607,1507,88604,88745
22068,2389,2317,2119,145787,133003
22324,2444,2246,1884,155529,156610
22325,1358,1302,1111,122497,122771
22326,5656,5465,4802,480355,480449
22327,1277,1161,947,56342,56347
22328,1586,1430,1155,50537,50625
22329,2877,2477,2034,196921,197207
22330,2051,1788,1683,141257,142515
22331,1444,1348,1184,44418,44428
22332,2014,1967,1809,71687,71748
22333,1858,1786,1525,56509,56519
22334,2428,2347,2130,122816,122881
22335,2131,2068,1924,111724,111761
22336,1771,1683,1439,115218,115235
22337,1622,1573,1360,117845,118103
22338,1248,1194,1153,88632,88677
22339,2691,2376,1815,73113,73138
22340,1991,1944,1832,143681,143683
22341,3420,3200,2572,255859,256483
22342,888,813,723,29609,29621
22343,2180,2021,1670,103569,103830
22344,1960,1817,1510,145725,145936
22345,2558,2428,1990,82751,82756
22346,2933,2761,2474,132011,132149
22347,2856,2752,2317,242457,200206
22348,2563,2477,2097,104141,104267
22349,4199,3927,3356,145780,145781
22350,1222,1211,1129,48168,48177
22351,2782,2688,2375,86527,86537
22352,1591,1543,1320,124221,125089
22353,2755,2429,1813,227161,227353
22354,1568,1407,1194,157332,130255
22355,2150,2149,2128,79159,81435
22356,2858,2849,2848,147820,150166
22357,1561,1549,1516,50830,51423
22358,2504,2502,2494,156541,159050
22359,1348,1348,1341,85511,88275
22360,2723,2719,2705,123049,124515
22361,2050,2049,2012,65721,66780
22362,2938,2934,2901,202829,206164
22363,3808,3806,3789,496481,496750
22364,2838,2829,2797,181582,181857
22365,1389,1387,1372,44458,44538
22366,3061,3055,2996,151164,155291
22367,3016,3015,2999,158113,160358
22368,876,876,874,71827,55113
22549,172,165,130,6603,6722
22550,13,13,8,468,470
22551,661,542,575,27245,27368
22552,9,9,7,775,776
22623,774,644,525,52987,53620
22624,1267,1010,839,108997,109035
22625,1806,1319,1011,181178,181193
22626,1697,1393,1006,168592,168640
22627,2023,1567,1239,154965,155587
22628,1336,1107,706,122771,122810
22629,2035,1644,1272,149909,150014
22630,2080,1741,1403,120323,120329
22631,1162,964,914,123725,124062
22632,941,717,580,72662,72669
22633,1401,1146,1052,106409,106437
22634,1052,863,595,70788,70813
22635,1796,1499,950,126987,129399
22636,2001,1653,1194,181010,181033
22637,692,567,451,50321,50590
22638,633,544,424,43199,43205
22639,1599,1314,1104,99331,99360
22640,491,426,351,44708,44714
22641,1799,1157,976,112982,114134
22642,1454,1115,856,91896,77945
22643,959,746,606,76049,76331
22644,2697,2206,1794,241299,242209
22645,1552,1297,808,69884,70042
22646,1301,1071,875,96048,96052
22647,1749,1433,1150,141502,142874
22648,492,417,311,24991,25012
22649,1065,795,643,61847,61973
22650,1762,1328,1305,148646,149582
22651,1260,1056,803,68188,68758
22652,1505,1275,1136,93170,93508
22653,1850,1630,1168,183920,184052
22654,1261,1017,858,101352,101362
22655,969,818,593,88222,89023
22656,1512,1297,1119,135321,135328
22657,2143,1713,1334,171377,171590
22658,1075,805,618,95406,95784
22659,1788,1508,1307,137212,137516
22660,1504,1241,1120,148515,120978
22661,1278,1110,690,53105,54371
22662,2061,1893,1088,71266,59331
22663,788,721,628,42116,42706
22664,970,785,611,112032,112545
22665,1065,1003,742,73706,74111
22666,695,669,549,27362,27585
22667,644,601,497,28076,22814
22668,713,647,437,49442,50227
22669,1193,1098,780,70893,71468
22670,777,715,570,49853,49890
22671,1840,1722,1224,73466,73598
22672,1006,868,559,47808,43219
22673,1437,1329,975,41198,41326
22674,1163,1113,866,56044,56633
22675,974,880,599,42682,43469
22676,1076,1023,735,56251,56741
22677,793,733,563,116037,116042
22678,640,544,318,17342,17777
22679,1132,985,610,47031,47569
22680,2093,1970,1418,81571,82159
22681,704,681,518,45317,45674
22682,931,826,548,57024,58049
22683,1501,1430,934,126091,126758
22684,706,653,491,37569,38074
22685,586,530,407,37104,37137
22686,1602,1527,1129,134905,137169
22687,1504,1435,1099,107293,107758
22688,1150,1075,883,72784,72789
22689,1209,1133,934,52218,52513
22690,1129,1071,799,58577,60007
22691,589,568,386,22943,23310
22692,919,854,627,49328,49909
22693,901,842,637,47681,47972
22819,3314,3133,1691,101353,93735
22820,1908,1871,1657,84343,84383
22821,2302,2278,2022,147669,148152
22822,2275,2183,1741,99765,99856
22823,1888,1843,1837,63644,63762
22824,2420,2350,1739,93796,93916
22825,1726,1667,1586,78018,78136
22826,1556,1482,1399,81732,81907
22827,2226,2195,1863,106042,106092
22828,1480,1442,1403,103124,103413
22829,1986,1959,1876,101865,102050
22830,1707,1621,1498,79094,79181
22831,1886,1865,1786,181496,181935
22832,1663,1635,1588,112902,113295
22833,1475,1230,1288,104724,104757
22834,2031,1955,1887,112721,113150
22835,2075,2027,1375,59719,51986
22836,2903,2817,2547,112710,112881
22837,2934,2852,2508,114856,115371
22838,2824,2760,2189,94865,95451
22839,3385,3252,2666,99994,100152
22840,2492,2461,2049,110550,110896
22841,776,764,682,99899,100081
22842,2499,2445,2101,70901,70938
22843,1626,1607,1507,86873,87012
22844,2389,2315,2116,143754,131286
23100,2444,2247,1881,148710,149499
23101,1358,1303,1112,118328,118525
23102,5656,5467,4803,470048,470107
23103,1277,1165,947,55918,55924
23104,1586,1429,1154,49128,49181
23105,2877,2490,2031,198459,198677
23106,2051,1794,1683,129764,130633
23107,1444,1348,1184,44309,44315
23108,2014,1969,1803,68171,68228
23109,1858,1789,1520,55789,55800
23110,2428,2348,2128,123837,123867
23111,2131,2068,1928,112362,112363
23112,1771,1682,1416,115473,115491
23113,1622,1573,1359,116261,116417
23114,1248,1194,1153,86419,86445
23115,2691,2376,1799,71992,72011
23116,1991,1942,1831,143332,143337
23117,3420,3203,2577,218151,218579
23118,888,814,717,24311,24317
23119,2180,2027,1673,86821,86966
23120,1960,1816,1509,142597,142800
23121,2558,2441,1999,75680,75683
23122,2933,2765,2475,131449,131560
23123,2856,2752,2329,238323,196497
23124,2563,2479,2097,99533,99566
23125,4199,3930,3349,145855,145857
23126,1222,1208,1122,48419,48430
23127,2782,2684,2401,86735,86746
23128,1591,1544,1323,120450,121034
23129,2755,2430,1814,216803,216965
23130,1568,1408,1193,150287,124036
23131,2150,2148,2125,77917,79791
23132,2858,2856,2847,144050,145997
23133,1561,1549,1532,49989,50438
23134,2504,2503,2495,107349,108535
23135,1348,1348,1343,81990,84259
23136,2723,2719,2706,120754,122041
23137,2050,2048,2016,60884,61549
23138,2938,2934,2911,197971,200895
23139,3808,3806,3792,483796,484053
23140,2838,2829,2800,179710,179971
23141,1389,1388,1375,41928,41980
23142,3061,3054,2996,146620,150194
23143,3016,3014,2994,155924,157805
23144,876,875,875,70965,54245
23325,172,165,131,6714,6804
23326,13,13,8,498,500
23327,661,542,609,27306,27396
23328,9,9,7,728,729
23399,774,643,525,52610,53235
23400,1267,1009,839,108334,108366
23401,1806,1316,1002,179930,179949
23402,1697,1390,1005,168772,168811
23403,2023,1560,1237,156062,156672
23404,1336,1106,705,121991,122028
23405,2035,1644,1271,149534,149635
23406,2080,1739,1399,118162,118164
23407,1162,963,911,122103,122428
23408,941,715,578,72345,72352
23409,1401,1132,1050,106382,106412
23410,1052,859,593,70756,70780
23411,1796,1498,939,124385,126444
23412,2001,1652,1192,180183,180213
23413,692,566,451,49708,49960
23414,633,542,422,42519,42525
23415,1599,1306,1092,98699,98731
23416,491,426,351,44437,44441
23417,1799,1156,974,111015,112057
23418,1454,1112,849,93090,79357
23419,959,746,606,75750,76017
23420,2697,2203,1793,239249,240120
23421,1552,1296,808,70491,70641
23422,1301,1071,874,96272,96272
23423,1749,1431,1146,140895,142178
23424,492,417,311,24783,24803
23425,1065,794,637,61773,61891
23426,1762,1326,1305,148375,149289
23427,1260,1056,798,67787,68343
23428,1505,1275,1136,93230,93564
23429,1850,1629,1168,185009,185144
23430,1261,1017,856,100859,100865
23431,969,817,593,87107,87835
23432,1512,1297,1118,135603,135616
23433,2143,1713,1331,167198,167344
23434,1075,801,616,94436,94803
23435,1788,1507,1306,136373,136676
23436,1504,1238,1117,148251,121092
23437,1278,1110,690,46498,46991
23438,2061,1892,1082,69247,55135
23439,788,722,628,38908,39046
23440,970,790,593,96167,96299
23441,1065,1002,741,73535,73701
23442,695,669,549,25802,25893
23443,644,601,497,27360,21286
23444,713,647,436,44586,44888
23445,1193,1098,780,64119,64326
23446,777,715,570,45135,45144
23447,1840,1722,1224,70634,70680
23448,1006,868,559,48578,41658
23449,1437,1329,975,39235,39260
23450,1163,1111,866,49571,49733
23451,974,879,599,35163,35359
23452,1076,1023,735,53021,53160
23453,793,733,563,103542,103564
23454,640,543,318,17175,17321
23455,1132,985,610,42596,42727
23456,2093,1969,1418,78171,78345
23457,704,681,517,40165,40264
23458,931,826,548,51370,51731
23459,1501,1430,933,115780,116020
23460,706,653,491,35631,35726
23461,586,530,407,35007,35018
23462,1602,1526,1127,122620,123002
23463,1504,1435,1099,97306,97521
23464,1150,1075,883,69658,69665
23465,1209,1137,931,48616,48728
23466,1129,1060,765,50592,50941
23467,589,568,386,21529,21631
23468,919,854,627,46466,46686
23469,901,842,637,44729,44830
23595,3314,3135,1690,99234,91597
23596,1908,1871,1657,83397,83439
23597,2302,2278,2022,148756,149196
23598,2275,2183,1741,98992,99080
23599,1888,1843,1837,63100,63202
23600,2420,2350,1739,94430,94546
23601,1726,1667,1586,75873,75957
23602,1556,1482,1401,85565,85748
23603,2226,2195,1863,104322,104357
23604,1480,1442,1403,102655,102936
23605,1986,1959,1876,101819,102001
23606,1707,1621,1498,79032,79149
23607,1886,1865,1786,176701,177045
23608,1663,1635,1588,111834,112129
23609,1475,1230,1288,105024,105061
23610,2031,1955,1887,112115,112472
23611,2075,2027,1376,59349,51412
23612,2903,2817,2547,112320,112463
23613,2934,2851,2507,114009,114504
23614,2824,2759,2189,94250,94719
23615,3385,3252,2666,101346,101496
23616,2492,2461,2049,109318,109629
23617,776,765,682,103109,103277
23618,2499,2445,2101,71169,71203
23619,1626,1607,1507,87463,87598
23620,2389,2315,2116,132788,122678
23876,2444,2247,1881,150243,150779
23877,1358,1308,1125,116992,117129
23878,5656,5462,4789,453567,453631
23879,1277,1165,947,56297,56300
23880,1586,1429,1152,49288,49323
23881,2877,2491,2034,200007,200174
23882,2051,1793,1683,128718,129431
23883,1444,1348,1187,44199,44217
23884,2014,1968,1796,69105,69157
23885,1858,1788,1525,55829,55830
23886,2428,2348,2131,126070,126101
23887,2131,2065,1936,113918,113918
23888,1771,1679,1408,115489,115506
23889,1622,1570,1359,118529,118673
23890,1248,1194,1153,86726,86754
23891,2691,2380,1797,72279,72291
23892,1991,1941,1831,127625,127632
23893,3420,3207,2599,219583,219842
23894,888,814,718,24288,24289
23895,2180,2028,1674,86707,86807
23896,1960,1816,1499,141491,141617
23897,2558,2443,2014,76224,76228
23898,2933,2763,2464,133246,133335
23899,2856,2752,2335,222633,181562
23900,2563,2482,2098,99071,99087
23901,4199,3928,3345,147899,147899
23902,1222,1211,1111,49217,49223
23903,2782,2692,2410,87548,87554
23904,1591,1544,1326,118591,118984
23905,2755,2447,1839,217427,217567
23906,1568,1406,1192,150549,123748
23907,2150,2149,2127,76958,78744
23908,2858,2856,2848,142927,144778
23909,1561,1550,1535,49799,50210
23910,2504,2503,2496,105229,106270
23911,1348,1348,1343,81637,83830
23912,2723,2720,2702,118833,120037
23913,2050,2049,2023,60327,60937
23914,2938,2936,2909,195485,198255
23915,3808,3807,3794,477473,477703
23916,2838,2831,2800,178639,178861
23917,1389,1388,1377,40746,40800
23918,3061,3055,3005,145593,149069
23919,3016,3013,2988,154366,156172
23920,876,876,875,70340,53728
24101,172,165,131,6762,6835
24102,13,13,8,485,487
24103,661,559,608,27688,27756
24104,9,9,7,727,727
24175,774,642,525,52809,53389
24176,1267,1008,839,106990,107014
24177,1806,1315,1000,174198,174215
24178,1697,1389,1001,166675,166712
24179,2023,1558,1236,154721,155246
24180,1336,1089,701,122323,122361
24181,2035,1626,1268,149642,149736
24182,2080,1731,1382,115977,115981
24183,1162,958,911,121516,121801
24184,941,714,579,72004,72013
24185,1401,1126,1050,101979,101991
24186,1052,860,593,70803,70824
24187,1796,1497,939,125790,127792
24188,2001,1640,1193,180844,180889
24189,692,566,450,49534,49744
24190,633,542,422,41907,41913
24191,1599,1299,1091,99405,99434
24192,491,422,351,43983,43988
24193,1799,1157,963,110051,110992
24194,1454,1106,841,92105,78542
24195,959,746,606,75878,76133
24196,2697,2200,1791,236500,237183
24197,1552,1295,808,72022,72169
24198,1301,1036,868,96433,96433
24199,1749,1430,1146,135898,136906
24200,492,417,311,24646,24662
24201,1065,786,637,61932,62050
24202,1762,1315,1296,148187,149028
24203,1260,1055,797,67439,67795
24204,1505,1285,1140,93801,94115
24205,1850,1624,1167,186679,186817
24206,1261,988,855,98303,98308
24207,969,817,593,87582,88274
24208,1512,1294,1118,136304,136319
24209,2143,1707,1331,163711,163820
24210,1075,796,613,94562,94915
24211,1788,1507,1305,135542,135794
24212,1504,1195,1117,147084,120295
24213,1278,1110,690,46311,46647
24214,2061,1888,1082,72286,56915
24215,788,722,628,39215,39334
24216,970,787,593,96302,96431
24217,1065,1002,741,74181,74322
24218,695,669,549,26118,26197
24219,644,601,497,27790,21512
24220,713,647,436,46081,46350
24221,1193,1098,780,65112,65292
24222,777,715,570,45693,45698
24223,1840,1722,1224,71694,71743
24224,1006,868,559,50160,41694
24225,1437,1329,975,39892,39927
24226,1163,1112,866,50626,50770
24227,974,879,599,35636,35786
24228,1076,1023,735,53879,53996
24229,793,732,563,105455,105474
24230,640,543,318,17550,17665
24231,1132,987,608,42598,42700
24232,2093,1970,1415,79703,79844
24233,704,681,517,41180,41278
24234,931,826,548,51614,51906
24235,1501,1430,933,115899,116112
24236,706,654,489,35854,35935
24237,586,530,407,35319,35332
24238,1602,1526,1127,120924,121190
24239,1504,1436,1099,98468,98668
24240,1150,1075,883,70161,70166
24241,1209,1136,925,49564,49668
24242,1129,1058,764,51997,52303
24243,589,568,386,21849,21937
24244,919,854,627,46786,46963
24245,901,842,637,45344,45432
24371,3314,3142,1688,98730,89791
24372,1908,1871,1657,84373,84387
24373,2302,2278,2022,143499,143619
24374,2275,2183,1741,96077,96108
24375,1888,1843,1837,63960,63987
24376,2420,2350,1739,96336,96389
24377,1726,1667,1586,72515,72546
24378,1556,1483,1401,86441,86526
24379,2226,2195,1863,102836,102853
24380,1480,1442,1403,100581,100666
24381,1986,1959,1876,95103,95169
24382,1707,1621,1498,78177,78198
24383,1886,1867,1786,180139,180277
24384,1663,1635,1588,111776,111855
24385,1475,1228,1288,105493,105508
24386,2031,1954,1897,110042,110155
24387,2075,2027,1376,59423,51312
24388,2903,2817,2547,112231,112287
24389,2934,2851,2507,113136,113305
24390,2824,2759,2186,94831,94922
24391,3385,3252,2665,101530,101590
24392,2492,2461,2048,109466,109542
24393,776,765,682,103373,103402
24394,2499,2445,2101,72166,72187
24395,1626,1607,1507,86163,86204
24396,2389,2315,2116,130906,121814
24653,2444,2283,1929,149351,149581
24654,1358,1311,1137,116523,116606
24655,5656,5462,4789,402307,402378
24656,1277,1165,947,54056,54056
24657,1586,1449,1170,48683,48693
24658,2877,2487,2035,195927,195979
24659,2051,1795,1703,129617,129993
24660,1444,1348,1187,44182,44184
24661,2014,1968,1795,68388,68413
24662,1858,1786,1524,54540,54541
24663,2428,2348,2134,125765,125773
24664,2131,2065,1936,114737,114737
24665,1771,1701,1512,115616,115624
24666,1622,1570,1359,120850,120916
24667,1248,1195,1156,86205,86213
24668,2691,2395,1825,72975,72979
24669,1991,1943,1830,125145,125145
24670,3420,3213,2605,222388,222528
24671,888,813,713,24344,24345
24672,2180,2030,1674,86879,86881
24673,1960,1816,1499,139516,139563
24674,2558,2445,2015,76402,76403
24675,2933,2761,2468,132376,132396
24676,2856,2755,2327,222672,182083
24677,2563,2482,2098,98801,98803
24678,4199,3928,3339,148635,148635
24679,1222,1211,1111,49667,49669
24680,2782,2696,2410,87228,87229
24681,1591,1544,1330,113262,113336
24682,2755,2453,1842,216874,216967
24683,1568,1408,1192,153010,125995
24684,2150,2149,2125,76366,76878
24685,2858,2856,2850,142127,142796
24686,1561,1549,1530,49388,49517
24687,2504,2504,2495,104850,105344
24688,1348,1348,1347,81432,82318
24689,2723,2720,2703,117629,118130
24690,2050,2049,2023,60411,60577
24691,2938,2936,2915,194391,195486
24692,3808,3808,3790,462415,462483
24693,2838,2833,2808,177913,177991
24694,1389,1389,1377,40050,40071
24695,3061,3053,2998,145472,146843
24696,3016,3013,2993,152539,153019
24697,876,876,875,69604,52482
24878,172,165,128,6804,6848
24879,13,13,8,436,436
24880,661,559,608,27869,27907
24881,9,9,7,741,741
24952,774,636,522,52695,52975
24953,1267,999,839,105444,105459
24954,1806,1270,998,170329,170336
24955,1697,1355,996,162854,162861
24956,2023,1524,1234,152870,153099
24957,1336,1089,701,121202,121217
24958,2035,1594,1255,148765,148801
24959,2080,1698,1382,115277,115284
24960,1162,953,910,120245,120372
24961,941,726,582,70562,70568
24962,1401,1095,1046,101053,101058
24963,1052,855,593,70706,70717
24964,1796,1496,939,125427,126103
24965,2001,1628,1188,178050,178068
24966,692,566,450,49362,49449
24967,633,542,422,41423,41424
24968,1599,1295,1090,99622,99648
24969,491,422,351,43645,43646
24970,1799,1147,949,110161,110531
24971,1454,1064,826,91216,77643
24972,959,746,606,75039,75147
24973,2697,2186,1791,231812,232208
24974,1552,1282,808,72673,72745
24975,1301,1035,867,96046,96046
24976,1749,1425,1146,133296,133602
24977,492,417,311,24149,24156
24978,1065,779,634,61853,61923
24979,1762,1534,1296,145962,146248
24980,1260,1053,795,66727,66846
24981,1505,1302,1140,93742,93868
24982,1850,1596,1167,187330,187390
24983,1261,988,853,98229,98233
24984,969,814,593,87480,87808
24985,1512,1293,1114,135250,135256
24986,2143,1674,1329,162897,162942
24987,1075,792,613,92567,92679
24988,1788,1472,1294,134822,134956
24989,1504,1188,1114,145383,119088
24990,1278,1111,690,46064,46209
24991,2061,1888,1082,73346,56994
24992,788,722,628,38850,38901
24993,970,787,591,95563,95641
24994,1065,1003,741,73415,73488
24995,695,669,549,25869,25898
24996,644,601,497,28194,21587
24997,713,647,436,45734,45838
24998,1193,1098,778,63784,63880
24999,777,714,570,45744,45758
25000,1840,1721,1224,71663,71689
25001,1006,869,559,50688,40575
25002,1437,1330,978,39364,39375
25003,1163,1112,866,50546,50625
25004,974,879,599,35843,35899
25005,1076,1023,735,54025,54088
25006,793,732,563,102391,102401
25007,640,543,318,17402,17434
25008,1132,988,607,41957,42002
25009,2093,1970,1415,78989,79048
25010,704,681,517,41593,41639
25011,931,826,548,51446,51585
25012,1501,1430,933,116193,116330
25013,706,654,489,35742,35772
25014,586,530,407,35485,35493
25015,1602,1526,1126,121020,121136
25016,1504,1436,1099,98140,98247
25017,1150,1075,883,69559,69565
25018,1209,1137,925,49516,49562
25019,1129,1058,764,51841,51982
25020,589,568,386,21958,21991
25021,919,854,627,46224,46295
25022,901,842,637,45212,45257
25147,3314,3148,1689,99139,90696
25148,1908,1871,1656,82713,82717
25149,2302,2278,2022,145135,145203
25150,2275,2183,1741,96069,96096
25151,1888,1843,1837,63063,63082
25152,2420,2350,1739,95406,95448
25153,1726,1667,1586,73349,73382
25154,1556,1483,1401,85394,85428
25155,2226,2193,1862,101737,101745
25156,1480,1443,1406,98737,98780
25157,1986,1959,1876,94452,94499
25158,1707,1621,1498,75407,75417
25159,1886,1867,1786,176348,176433
25160,1663,1635,1588,115496,115556
25161,1475,1228,1288,98300,98309
25162,2031,1954,1897,106780,106850
25163,2075,2027,1376,59795,51712
25164,2903,2818,2550,110625,110682
25165,2934,2851,2508,111490,111604
25166,2824,2758,2188,95129,95212
25167,3385,3253,2665,101526,101567
25168,2492,2460,2047,110381,110431
25169,776,765,682,100553,100570
25170,2499,2445,2101,72250,72258
25171,1626,1607,1507,83765,83782
25172,2389,2315,2116,130812,122630
25428,2444,2324,2074,153652,153852
25429,1358,1305,1131,118892,118953
25430,5656,5454,4776,402411,402424
25431,1277,1165,947,54800,54800
25432,1586,1444,1171,49962,49969
25433,2877,2470,2029,206646,206684
25434,2051,1818,1691,132626,132964
25435,1444,1341,1182,44705,44707
25436,2014,1969,1794,69625,69645
25437,1858,1774,1519,53030,53030
25438,2428,2346,2135,127697,127703
25439,2131,2062,1947,115905,115905
25440,1771,1694,1526,119743,119750
25441,1622,1571,1358,123462,123495
25442,1248,1195,1157,87547,87548
25443,2691,2400,1818,75104,75105
25444,1991,1938,1827,127019,127019
25445,3420,3217,2608,229834,229978
25446,888,806,711,24724,24725
25447,2180,2049,1701,92105,92111
25448,1960,1831,1637,144468,144496
25449,2558,2446,2000,77386,77389
25450,2933,2761,2468,135199,135223
25451,2856,2745,2336,224250,183163
25452,2563,2460,2091,99994,99994
25453,4199,3896,3310,149590,149590
25454,1222,1211,1107,50528,50530
25455,2782,2692,2431,85672,85674
25456,1591,1560,1392,118530,118603
25457,2755,2485,1858,226946,227011
25458,1568,1406,1209,155464,128452
25459,2150,2150,2131,75781,76272
25460,2858,2858,2850,141707,142345
25461,1561,1549,1535,49192,49307
25462,2504,2504,2498,104508,104956
25463,1348,1348,1346,81040,81903
25464,2723,2720,2707,116212,116680
25465,2050,2050,2041,60428,60582
25466,2938,2922,2917,196063,197145
25467,3808,3808,3804,447672,447725
25468,2838,2837,2815,176527,176586
25469,1389,1389,1378,39381,39398
25470,3061,3051,2999,145583,146906
25471,3016,3013,3003,151656,152111
25472,876,876,874,68883,51914
25653,172,165,128,6728,6770
25654,13,13,8,420,420
25655,661,559,606,28070,28104
25656,9,9,7,761,761
25727,774,637,522,51858,52090
25728,1267,1057,876,105756,105776
25729,1806,1447,1072,169990,169994
25730,1697,1353,995,161251,161256
25731,2023,1522,1233,151534,151747
25732,1336,1088,700,119766,119777
25733,2035,1594,1254,148153,148193
25734,2080,1689,1381,114676,114683
25735,1162,946,893,119028,119143
25736,941,793,641,70431,70436
25737,1401,1195,1047,100374,100379
25738,1052,847,592,70480,70490
25739,1796,1469,930,120909,121403
25740,2001,1789,1279,177521,177536
25741,692,560,451,49212,49299
25742,633,524,420,40967,40967
25743,1599,1289,1085,99038,99064
25744,491,419,350,42458,42459
25745,1799,1144,947,109575,109896
25746,1454,1060,824,90213,76856
25747,959,735,605,74697,74794
25748,2697,2180,1787,228419,228752
25749,1552,1277,801,73146,73214
25750,1301,1034,867,95673,95673
25751,1749,1417,1135,131571,131851
25752,492,396,311,23745,23752
25753,1065,776,630,60942,61011
25754,1762,1569,1296,143652,143871
25755,1260,1034,793,66318,66414
25756,1505,1301,1150,93323,93424
25757,1850,1592,1319,185781,185833
25758,1261,1082,891,97200,97204
25759,969,895,781,87185,87504
25760,1512,1270,1101,134135,134136
25761,2143,1674,1329,162845,162881
25762,1075,787,610,92235,92337
25763,1788,1455,1291,134234,134366
25764,1504,1181,1111,142003,116163
25765,1290,1105,675,46703,46823
25766,2061,1868,1044,74642,57991
25767,788,715,583,39165,39208
25768,970,774,572,98257,98330
25769,1065,994,710,75316,75404
25770,695,667,508,26239,26263
25771,644,603,497,28725,22002
25772,713,647,436,46667,46751
25773,1193,1089,749,65228,65312
25774,777,721,550,46719,46723
25775,1840,1711,1205,72404,72422
25776,1006,869,559,51408,40912
25777,1437,1327,971,39958,39971
25778,1163,1109,843,52261,52343
25779,974,876,594,36464,36507
25780,1076,1023,735,54935,54995
25781,793,726,553,103588,103593
25782,640,544,322,17672,17695
25783,1132,990,598,42468,42515
25784,2093,1951,1392,79913,79961
25785,704,679,514,43288,43338
25786,931,826,548,51095,51205
25787,1501,1429,921,115231,115364
25788,706,654,489,35843,35871
25789,586,528,406,36508,36516
25790,1602,1505,1103,122357,122467
25791,1504,1426,1101,98820,98903
25792,1150,1073,880,70470,70473
25793,1209,1137,920,50545,50588
25794,1129,1058,759,52493,52620
25795,589,567,387,22366,22397
25796,919,837,617,46557,46621
25797,901,842,636,45702,45746
25923,3314,3148,1689,94804,93122
25924,1908,1872,1656,81942,81952
25925,2302,2278,2022,146341,146407
25926,2275,2183,1741,92181,92205
25927,1888,1843,1837,62281,62298
25928,2420,2349,1739,93795,93804
25929,1726,1667,1586,72517,72532
25930,1556,1483,1401,84430,84440
25931,2226,2194,1862,100421,100423
25932,1480,1443,1407,98550,98577
25933,1986,1959,1876,94712,94751
25934,1707,1621,1498,75434,75437
25935,1886,1867,1786,173350,173401
25936,1663,1635,1588,116844,116902
25937,1475,1228,1288,97424,97437
25938,2031,1954,1897,102999,103054
25939,2075,2027,1376,55802,49901
25940,2903,2818,2550,109253,109281
25941,2934,2851,2508,110241,110288
25942,2824,2759,2188,91393,91440
25943,3385,3253,2665,100057,100089
25944,2492,2459,2049,102687,102726
25945,776,765,682,94249,94259
25946,2499,2445,2101,72768,72775
25947,1626,1607,1507,84040,84056
25948,2389,2313,2116,129178,122145
26206,2444,2330,2075,155780,155963
26207,1358,1305,1163,122029,122089
26208,5656,5450,4758,404419,404427
26209,1277,1167,952,55908,55910
26210,1586,1448,1180,51261,51266
26211,2877,2463,2041,217433,217474
26212,2051,1822,1687,133334,133630
26213,1444,1337,1190,45665,45666
26214,2014,1971,1794,71419,71433
26215,1858,1769,1532,54534,54534
26216,2428,2348,2146,128709,128715
26217,2131,2060,1998,118102,118102
26218,1771,1695,1543,120366,120374
26219,1622,1570,1357,126540,126553
26220,1248,1195,1162,88644,88645
26221,2691,2419,1839,76599,76600
26222,1991,1933,1834,129217,129218
26223,3420,3216,2622,229159,229289
26224,888,806,708,25170,25170
26225,2180,2048,1712,94199,94208
26226,1960,1846,1706,147349,147383
26227,2558,2448,2002,78484,78486
26228,2933,2757,2482,137802,137816
26229,2856,2749,2348,225768,184509
26230,2563,2450,2071,102022,102022
26231,4199,3874,3294,150533,150533
26232,1222,1211,1097,51323,51324
26233,2782,2692,2464,86342,86344
26234,1591,1561,1415,120040,120111
26235,2755,2505,1975,232060,232114
26236,1568,1409,1218,157825,130554
26237,2150,2150,2132,75474,75949
26238,2858,2857,2849,140947,141569
26239,1561,1551,1539,48830,48940
26240,2504,2504,2497,102184,102596
26241,1348,1348,1346,80192,81044
26242,2723,2720,2709,115000,115412
26243,2050,2050,2041,60419,60566
26244,2938,2930,2917,197538,198584
26245,3808,3807,3805,440620,440665
26246,2838,2837,2817,175546,175599
26247,1389,1389,1379,38874,38890
26248,3061,3050,3004,145761,147038
26249,3016,3013,3004,150764,151214
26250,876,876,875,68594,51533
26431,172,165,128,6733,6774
26432,13,12,8,408,410
26433,661,556,631,28433,28470
26434,9,9,7,787,787
26505,774,637,521,52035,52247
26506,1267,1060,878,106322,106339
26507,1806,1451,1072,170378,170384
26508,1697,1353,996,159208,159213
26509,2023,1523,1233,153367,153575
26510,1336,1082,700,121199,121241
26511,2035,1592,1253,147483,147555
26512,2080,1685,1381,114581,114588
26513,1162,946,892,117963,118074
26514,941,796,643,70484,70489
26515,1401,1197,1048,100882,100884
26516,1052,846,592,70299,70311
26517,1796,1461,927,119416,119801
26518,2001,1815,1306,178098,178112
26519,692,549,449,49372,49447
26520,633,521,420,40991,40991
26521,1599,1276,1085,100247,100265
26522,491,417,350,40118,40119
26523,1799,1144,947,108820,109086
26524,1454,1058,823,90365,76892
26525,959,734,605,74666,74756
26526,2697,2170,1793,227999,228292
26527,1552,1277,810,74102,74170
26528,1301,1084,894,95091,95092
26529,1749,1417,1137,129099,129373
26530,492,398,311,23466,23472
26531,1065,776,630,57976,58036
26532,1762,1565,1328,143560,143761
26533,1260,1030,790,66449,66532
26534,1505,1327,1147,95018,95129
26535,1850,1596,1366,186175,186227
26536,1261,1081,887,96909,96914
26537,969,896,785,87237,87550
26538,1512,1276,1118,131241,131264
26539,2143,1751,1491,162881,162901
26540,1075,786,609,92557,92658
26541,1788,1456,1291,134238,134362
26542,1504,1179,1106,138549,112979
26543,1290,1105,675,47381,47484
26544,2061,1864,1040,76865,59778
26545,788,714,547,40604,40648
26546,970,772,571,99669,99746
26547,1065,994,710,76444,76520
26548,695,667,508,26721,26744
26549,644,603,497,29792,22879
26550,713,647,436,47407,47497
26551,1193,1091,749,67522,67602
26552,777,721,550,48304,48309
26553,1840,1701,1188,73746,73762
26554,1006,868,559,52482,41611
26555,1437,1323,969,40317,40327
26556,1163,1111,843,53726,53807
26557,974,873,580,37430,37474
26558,1076,1023,735,55581,55637
26559,793,726,553,105973,105974
26560,640,544,321,17971,18001
26561,1132,990,595,43491,43542
26562,2093,1950,1392,81420,81469
26563,704,679,514,45071,45125
26564,931,826,548,52672,52766
26565,1501,1429,921,117447,117585
26566,706,654,488,36881,36917
26567,586,528,406,37579,37590
26568,1602,1504,1103,122356,122420
26569,1504,1426,1096,100524,100607
26570,1150,1062,865,71207,71211
26571,1209,1134,917,51907,51948
26572,1129,1058,759,53545,53665
26573,589,567,387,22771,22810
26574,919,837,617,47655,47720
26575,901,842,636,46506,46550
26701,3314,3147,1686,95508,95444
26702,1908,1872,1656,82608,82615
26703,2302,2278,2022,147962,148019
26704,2275,2183,1741,91876,91885
26705,1888,1843,1837,61799,61814
26706,2420,2349,1739,96244,96248
26707,1726,1667,1586,71433,71446
26708,1556,1484,1401,83604,83614
26709,2226,2194,1862,99785,99792
26710,1480,1447,1408,97869,97880
26711,1986,1959,1876,92564,92585
26712,1707,1621,1498,76124,76131
26713,1886,1867,1786,172062,172086
26714,0,0,0,0,0
26715,1663,1635,1588,118275,118323
26716,1475,1228,1288,96815,96828
26717,2031,1954,1899,104799,104839
26718,2075,2027,1376,55147,50344
26719,0,0,0,0,0
26720,2903,2818,2550,110854,110883
26721,2934,2851,2508,115080,115132
26722,2824,2759,2188,93594,93637
26723,3385,3253,2665,102460,102485
26724,2492,2460,2049,101759,101789
26725,776,765,682,95212,95238
26726,2499,2445,2101,74653,74662
26727,1626,1607,1507,85500,85515
26728,2389,2313,2116,126188,120653
26986,2444,2339,2067,157141,157306
26987,1358,1305,1173,120842,120901
26988,5656,5452,4804,401819,401824
26989,1277,1183,972,56734,56734
26990,1586,1455,1183,52381,52387
26991,2877,2489,2137,224185,224222
26992,2051,1831,1699,133936,134218
26993,1444,1337,1189,46073,46075
26994,2014,1971,1793,72071,72090
26995,1858,1770,1524,55428,55431
26996,2428,2350,2137,127487,127495
26997,2131,2064,2027,119806,119807
26998,1771,1695,1533,120156,120165
26999,1622,1562,1336,127761,127766
27000,1248,1195,1162,89000,89001
27001,2691,2441,1893,78409,78412
27002,1991,1932,1824,130027,130028
27003,3420,3217,2638,232700,232826
27004,888,810,704,25407,25408
27005,2180,2050,1725,95999,96008
27006,1960,1856,1711,148059,148082
27007,2558,2454,2007,79066,79068
27008,2933,2762,2515,138357,138370
27009,2856,2754,2353,226181,185367
27010,2563,2461,2047,103262,103263
27011,4199,3874,3276,151262,151262
27012,1222,1211,1089,51914,51915
27013,2782,2692,2464,86772,86775
27014,1591,1564,1426,121255,121325
27015,2755,2505,1915,233179,233228
27016,1568,1409,1218,156351,130337
27017,2150,2149,2134,75753,76198
27018,2858,2857,2848,141538,142142
27019,1561,1552,1536,48738,48836
27020,2504,2504,2499,102361,102727
27021,1348,1348,1347,80371,81232
27022,2723,2720,2709,115329,115703
27023,2050,2050,2043,61527,61670
27024,2938,2930,2919,198871,199872
27025,3808,3808,3803,440128,440169
27026,2838,2837,2818,174882,174934
27027,1389,1389,1379,39171,39185
27028,3061,3056,3004,146197,147317
27029,3016,3014,3003,151598,152044
27030,876,876,876,68235,51401
27211,172,163,126,6698,6737
27212,13,13,13,441,442
27213,661,611,644,28555,28577
27214,9,9,9,810,810
27285,774,637,521,51934,52142
27286,1267,1053,889,106339,106355
27287,1806,1450,1072,171077,171083
27288,1697,1352,996,159782,159787
27289,2023,1500,1233,152548,152749
27290,1336,1072,700,120031,120063
27291,2035,1587,1252,145943,145994
27292,2080,1676,1381,114196,114203
27293,1162,1077,1010,116995,117103
27294,941,789,645,70283,70288
27295,1401,1196,1050,100875,100876
27296,1052,840,592,69985,69997
27297,1796,1453,926,119134,119501
27298,2001,1812,1304,175967,175978
27299,692,546,451,49289,49345
27300,633,520,420,40727,40727
27301,1599,1252,1085,99931,99949
27302,491,417,350,40058,40060
27303,1799,1143,946,108119,108381
27304,1454,1114,834,89544,76201
27305,959,734,605,74204,74291
27306,2697,2220,1906,226404,226707
27307,1552,1284,819,74034,74097
27308,1301,1068,901,94688,94689
27309,1749,1416,1137,128786,129057
27310,492,398,311,22884,22888
27311,1065,773,630,57758,57821
27312,1762,1565,1328,143126,143320
27313,1260,1030,789,65924,66004
27314,1505,1320,1146,95241,95348
27315,1850,1597,1375,186037,186089
27316,1261,1072,885,96455,96462
27317,969,894,786,86971,87270
27318,1512,1272,1118,128510,128522
27319,2143,1833,1546,162670,162688
27320,1075,974,750,92300,92397
27321,1788,1458,1290,133638,133756
27322,1504,1179,1106,137140,111878
27323,1290,1104,675,47656,47758
27324,2061,1865,1039,77306,60440
27325,788,714,547,40638,40681
27326,970,771,570,99817,99883
27327,1065,994,710,76733,76802
27328,695,667,508,26900,26922
27329,644,603,499,29921,23042
27330,713,647,435,47923,48007
27331,1193,1091,749,68073,68154
27332,777,721,550,48484,48486
27333,1840,1701,1188,74071,74094
27334,1006,868,559,52236,41779
27335,1437,1321,968,40464,40473
27336,1163,1111,843,54034,54107
27337,974,872,580,37581,37621
27338,1076,1023,735,56388,56439
27339,793,722,547,106245,106245
27340,640,544,321,18028,18056
27341,1132,990,593,43993,44038
27342,2093,1950,1391,81975,82024
27343,704,679,514,45420,45470
27344,931,827,546,52859,52942
27345,1501,1429,920,118115,118236
27346,706,654,488,36814,36842
27347,586,528,406,37818,37827
27348,1602,1504,1103,121182,121251
27349,1504,1426,1094,100839,100920
27350,1150,1062,864,71446,71449
27351,1209,1133,916,52450,52488
27352,1129,1058,758,54123,54235
27353,589,567,387,23018,23050
27354,919,837,617,47761,47828
27355,901,841,636,46894,46937
27481,3314,3147,1801,97823,97737
27482,1908,1872,1656,83152,83164
27483,2302,2278,2022,149217,149263
27484,2275,2184,1741,93102,93113
27485,1888,1844,1838,63034,63043
27486,2420,2349,2054,99596,99598
27487,1726,1666,1620,73516,73525
27488,1556,1488,1411,84620,84622
27489,2226,2194,1968,101219,101224
27490,1480,1447,1413,98796,98805
27491,1986,1960,1904,94569,94581
27492,1707,1621,1516,76917,76920
27493,1886,1866,1792,176041,176058
27494,0,0,0,0,0
27495,1663,1635,1588,119646,119686
27496,1475,1228,1302,97305,97313
27497,2031,1953,1900,104348,104374
27498,2075,2026,1432,55120,50859
27499,0,0,0,0,0
27500,2903,2818,2602,113241,113279
27501,2934,2852,2540,119315,119347
27502,2824,2759,2300,96978,97011
27503,3385,3254,2665,103808,103830
27504,2492,2458,2059,103370,103391
27505,776,765,685,97022,97039
27506,2499,2445,2143,75986,75992
27507,1626,1605,1520,85778,85792
27508,2389,2313,2172,122875,119625
27766,2444,2326,2068,157670,157786
27767,1358,1305,1173,120272,120308
27768,5656,5451,4799,402347,402354
27769,1277,1188,987,57512,57512
27770,1586,1456,1182,53542,53544
27771,2877,2547,2247,228992,229007
27772,2051,1840,1703,134848,135075
27773,1444,1338,1188,46383,46387
27774,2014,1971,1788,72413,72429
27775,1858,1772,1520,55974,55975
27776,2428,2350,2137,128474,128482
27777,2131,2067,2029,121636,121636
27778,1771,1717,1565,118612,118618
27779,1622,1561,1327,127617,127624
27780,1248,1196,1161,88791,88794
27781,2691,2449,1949,79847,79849
27782,1991,1936,1839,130626,130627
27783,3420,3217,2646,232655,232755
27784,888,814,699,25714,25717
27785,2180,2051,1728,96522,96526
27786,1960,1859,1738,148464,148477
27787,2558,2448,2011,79992,79995
27788,2933,2765,2570,139404,139415
27789,2856,2753,2358,227397,186071
27790,2563,2463,2045,103915,103915
27791,4199,3877,3275,151519,151519
27792,1222,1206,1088,52506,52509
27793,2782,2692,2472,87217,87220
27794,1591,1564,1426,121992,122049
27795,2755,2525,1964,233508,233554
27796,1568,1409,1218,155969,129942
27797,2150,2150,2133,75960,76368
27798,2858,2857,2849,141342,141942
27799,1561,1556,1538,48568,48656
27800,2504,2504,2500,102155,102514
27801,1348,1348,1348,80287,81123
27802,2723,2720,2711,115300,115653
27803,2050,2050,2043,61931,62062
27804,2938,2935,2923,198881,199852
27805,3808,3806,3803,439768,439815
27806,2838,2838,2818,174831,174880
27807,1389,1388,1375,39094,39107
27808,3061,3055,3004,146224,147300
27809,3016,3014,3006,151670,152105
27810,876,876,876,67741,51093
27991,172,164,144,6897,6931
27992,13,13,13,484,486
27993,661,612,650,29029,29045
27994,9,9,9,808,808
28065,774,637,521,52389,52581
28066,1267,1051,888,105985,105999
28067,1806,1436,1067,171851,171856
28068,1697,1350,1008,160666,160672
28069,2023,1459,1233,152622,152784
28070,1336,1090,784,119305,119330
28071,2035,1569,1250,145526,145574
28072,2080,1682,1389,114717,114724
28073,1162,1030,1009,116795,116889
28074,941,786,648,69778,69787
28075,1401,1190,1049,101519,101521
28076,1052,838,592,69791,69798
28077,1796,1431,928,119503,119815
28078,2001,1786,1304,176130,176142
28079,692,546,451,49488,49527
28080,633,519,420,40760,40760
28081,1599,1322,1085,99859,99876
28082,491,416,355,39724,39726
28083,1799,1377,1087,108583,108807
28084,1454,1127,852,89769,76537
28085,959,850,699,73641,73724
28086,2697,2233,1956,225618,225891
28087,1552,1283,820,74241,74301
28088,1301,1057,901,94563,94563
28089,1749,1510,1210,129715,130025
28090,492,398,311,22825,22828
28091,1065,858,639,57324,57377
28092,1762,1528,1326,143850,144041
28093,1260,1048,792,66368,66449
28094,1505,1323,1145,96529,96624
28095,1850,1593,1378,188115,188168
28096,1261,1055,883,97320,97334
28097,969,892,786,87048,87297
28098,1512,1266,1117,126187,126200
28099,2143,1824,1548,163758,163773
28100,1075,970,749,92719,92821
28101,1788,1453,1290,133732,133838
28102,1504,1156,1106,135711,110821
28103,1290,1105,674,47979,48069
28104,2061,1865,1038,78069,61036
28105,788,714,547,40865,40895
28106,970,766,566,99037,99086
28107,1065,994,710,69591,69640
28108,695,667,508,26968,26978
28109,644,604,498,30173,23240
28110,713,647,435,48425,48485
28111,1193,1091,748,68312,68343
28112,777,720,550,48591,48593
28113,1840,1700,1188,74218,74235
28114,1006,868,559,52469,41915
28115,1437,1321,967,40665,40685
28116,1163,1111,843,54130,54174
28117,974,872,579,37921,37943
28118,1076,1023,735,56887,56929
28119,793,721,548,105950,105950
28120,640,544,321,18129,18152
28121,1132,990,593,43980,44013
28122,2093,1948,1391,82609,82642
28123,704,679,514,46110,46153
28124,931,831,541,52739,52796
28125,1501,1431,920,116955,117024
28126,706,653,488,36917,36938
28127,586,528,406,37973,37987
28128,1602,1506,1103,122330,122364
28129,1504,1426,1094,100980,101043
28130,1150,1062,864,71665,71666
28131,1209,1133,913,53037,53071
28132,1129,1058,758,54464,54539
28133,589,566,387,23066,23085
28134,919,837,617,48048,48110
28135,901,842,636,46935,46971
